x_peak,y_peak,peak_value
2115.0,1950.0,3715.8697295116112
2106.0,1938.0,4753.150979511611
2100.0,1939.0,4508.979104511611
2095.0,1935.0,3694.5259795116117
2080.0,1947.0,5944.635354511611
2072.0,1933.0,3770.3072295116112
2070.0,1932.0,2893.6197295116117
