x_peak,y_peak,peak_value,moon_name
1154.0,1777.0,5217.619729511611,Moon_1
1159.0,1776.0,6742.619729511611,Moon_1
1154.0,1773.0,4533.057229511611,Moon_1
1153.0,1775.0,4708.400979511611,Moon_1
1152.0,1772.0,3606.6197295116112,Moon_1
1140.0,1772.0,7230.025979511611,Moon_1
1144.0,1773.0,4514.619729511611,Moon_1
1145.0,1773.0,6500.557229511611,Moon_1
1137.0,1773.0,8512.99472951161,Moon_1
1147.0,1772.0,4870.307229511611,Moon_1
1149.0,1775.0,4546.338479511611,Moon_1
1136.0,1770.0,7375.619729511611,Moon_1
1138.0,1774.0,7651.182229511611,Moon_1
1138.0,1771.0,6983.119729511611,Moon_1
1131.0,1785.0,7460.463479511611,Moon_1
1130.0,1786.0,4792.807229511611,Moon_1
1131.0,1769.0,5730.307229511611,Moon_1
1135.0,1770.0,5249.61972951161,Moon_1
1131.0,1768.0,3708.1197295116117,Moon_1
1130.0,1780.0,8015.994729511612,Moon_1
1129.0,1768.0,4209.744729511611,Moon_1
2944.0,2061.0,5126.666604511611,Moon_1
2951.0,2071.0,3822.1978545116112,Moon_1
2952.0,2057.0,3901.119729511611,Moon_1
2955.0,2055.0,4426.619729511611,Moon_1
2957.0,2062.0,2878.6197295116112,Moon_1
2957.0,2056.0,3155.9947295116112,Moon_1
2965.0,2067.0,4264.463479511611,Moon_1
2978.0,2052.0,2878.5572295116112,Moon_1
2990.0,2054.0,1395.2447295116112,Moon_1
2979.0,2064.0,3810.6509795116117,Moon_1
2978.0,2057.0,3026.4947295116112,Moon_1
2989.0,2057.0,3801.6197295116112,Moon_1
2992.0,2063.0,3986.9634795116112,Moon_1
2997.0,2065.0,3085.3072295116117,Moon_1
2995.0,2060.0,4388.463479511611,Moon_1
3000.0,2058.0,3004.8072295116112,Moon_1
3004.0,2058.0,2141.2291045116112,Moon_1
3017.0,2064.0,2667.4791045116117,Moon_1
3021.0,2070.0,3341.3072295116112,Moon_1
3292.0,2137.0,3642.8072295116112,Moon_1
3300.0,2139.0,2740.2447295116112,Moon_1
3293.0,2132.0,2730.6197295116112,Moon_1
3298.0,2131.0,3958.0259795116112,Moon_1
3290.0,2134.0,3894.4322295116112,Moon_1
3297.0,2135.0,3238.494729511611,Moon_1
3297.0,2135.0,3444.4947295116112,Moon_1
3282.0,2143.0,2401.3697295116112,Moon_1
3287.0,2134.0,2874.8697295116112,Moon_1
3292.0,2136.0,2881.9947295116112,Moon_1
3284.0,2131.0,3128.2134795116112,Moon_1
3282.0,2134.0,3960.182229511611,Moon_1
3287.0,2129.0,1206.6197295116112,Moon_1
3286.0,2124.0,2328.8697295116112,Moon_1
3273.0,2132.0,1475.307229511611,Moon_1
3272.0,2140.0,1551.619729511611,Moon_1
