x_peak,y_peak,peak_value,moon_name
2115.0,1950.0,3715.8697295116112,Moon_2
2106.0,1938.0,4753.150979511611,Moon_2
2100.0,1939.0,4508.979104511611,Moon_2
2095.0,1935.0,3694.5259795116117,Moon_2
2080.0,1947.0,5944.635354511611,Moon_2
2072.0,1933.0,3770.3072295116112,Moon_2
2592.0,2019.0,5314.932229511611,Moon_2
2602.0,2024.0,2265.6978545116112,Moon_2
2607.0,2011.0,3080.6197295116112,Moon_2
2608.0,2012.0,3225.6197295116112,Moon_2
2605.0,2023.0,3512.8072295116117,Moon_2
2608.0,2012.0,3367.1197295116112,Moon_2
2612.0,2024.0,4584.494729511611,Moon_2
2626.0,2011.0,1609.2447295116112,Moon_2
2623.0,2017.0,3280.6822295116117,Moon_2
2620.0,2015.0,2036.9322295116112,Moon_2
2629.0,2016.0,2193.6197295116112,Moon_2
2631.0,2027.0,1985.6197295116112,Moon_2
2637.0,2016.0,2146.4478545116112,Moon_2
2627.0,2018.0,2633.8697295116112,Moon_2
2635.0,2017.0,2926.4009795116117,Moon_2
2632.0,2023.0,3133.9009795116117,Moon_2
2637.0,2015.0,2357.9947295116112,Moon_2
2628.0,2016.0,3456.088479511611,Moon_2
2634.0,2013.0,2718.8384795116112,Moon_2
2630.0,2014.0,1339.1353545116115,Moon_2
2636.0,2017.0,1436.6822295116112,Moon_2
2639.0,2017.0,2193.1197295116117,Moon_2
2642.0,2018.0,3486.7447295116112,Moon_2
2877.0,2068.0,2386.7447295116112,Moon_2
2882.0,2069.0,1650.8697295116112,Moon_2
2879.0,2071.0,1758.1197295116112,Moon_2
2887.0,2068.0,1759.494729511611,Moon_2
2883.0,2070.0,3217.4322295116112,Moon_2
2886.0,2070.0,3229.213479511611,Moon_2
2886.0,2070.0,3556.9634795116112,Moon_2
2873.0,2082.0,2099.0572295116112,Moon_2
2874.0,2065.0,2290.1197295116112,Moon_2
2879.0,2069.0,2501.9009795116112,Moon_2
2869.0,2065.0,2148.7759795116112,Moon_2
2868.0,2066.0,2731.8697295116112,Moon_2
2867.0,2067.0,1656.6197295116112,Moon_2
2867.0,2063.0,1450.025979511611,Moon_2
2865.0,2065.0,1448.900979511611,Moon_2
